{
	"parent": "item/handheld",
	"textures": {
		"layer0": "item/golden_sword"
	},
	"overrides": [
		{ "predicate": {"damaged": 0, "damage": 0}, "model": "item/golden_sword"},
		{ "predicate": {"damaged": 0, "damage": 0.03125}, "model": "item/custom/diamond0"},
		{ "predicate": {"damaged": 0, "damage": 0.0625}, "model": "item/custom/diamond01"},
		{ "predicate": {"damaged": 0, "damage": 0.09375}, "model": "item/custom/diamond02"},
		{ "predicate": {"damaged": 0, "damage": 0.125}, "model": "item/custom/diamond03"},
		{ "predicate": {"damaged": 0, "damage": 0.15625}, "model": "item/custom/diamond04"},
		{ "predicate": {"damaged": 0, "damage": 0.1875}, "model": "item/custom/diamond05"},
		{ "predicate": {"damaged": 0, "damage": 0.21875}, "model": "item/custom/diamond06"},
		{ "predicate": {"damaged": 0, "damage": 0.25}, "model": "item/custom/diamond07"},
		{ "predicate": {"damaged": 0, "damage": 0.28125}, "model": "item/custom/diamond08"},
		{ "predicate": {"damaged": 0, "damage": 0.3125}, "model": "item/custom/diamond09"},
		{ "predicate": {"damaged": 0, "damage": 0.34375}, "model": "item/custom/diamond010"},
		{ "predicate": {"damaged": 0, "damage": 0.375}, "model": "item/custom/diamond011"},
		{ "predicate": {"damaged": 0, "damage": 0.40625}, "model": "item/custom/diamond012"},
		{ "predicate": {"damaged": 0, "damage": 0.4375}, "model": "item/custom/diamond013"},
		{ "predicate": {"damaged": 0, "damage": 0.46875}, "model": "item/custom/diamond014"},
		{ "predicate": {"damaged": 0, "damage": 0.5}, "model": "item/custom/diamond015"},
		{ "predicate": {"damaged": 0, "damage": 0.53125}, "model": "item/custom/diamond016"},
		{ "predicate": {"damaged": 0, "damage": 0.5625}, "model": "item/custom/diamond017"},
		{ "predicate": {"damaged": 0, "damage": 0.59375}, "model": "item/custom/diamond018"},
		{ "predicate": {"damaged": 0, "damage": 0.625}, "model": "item/custom/diamond019"},
		{ "predicate": {"damaged": 0, "damage": 0.65625}, "model": "item/custom/diamond020"},
		{ "predicate": {"damaged": 0, "damage": 0.6875}, "model": "item/custom/diamond021"},
		{ "predicate": {"damaged": 0, "damage": 0.71875}, "model": "item/custom/diamond022"},
		{ "predicate": {"damaged": 0, "damage": 0.75}, "model": "item/custom/diamond023"},
		{ "predicate": {"damaged": 0, "damage": 0.78125}, "model": "item/custom/diamond024"},
		{ "predicate": {"damaged": 0, "damage": 0.8125}, "model": "item/custom/diamond025"},
		{ "predicate": {"damaged": 0, "damage": 0.84375}, "model": "item/custom/diamond026"},
		{ "predicate": {"damaged": 0, "damage": 0.875}, "model": "item/custom/diamond027"},
		{ "predicate": {"damaged": 0, "damage": 0.90625}, "model": "item/custom/diamond028"},
		{ "predicate": {"damaged": 0, "damage": 0.9375}, "model": "item/custom/diamond029"},
		{ "predicate": {"damaged": 0, "damage": 0.96875}, "model": "item/custom/diamond030"},
		{ "predicate": {"damaged": 1, "damage": 0}, "model": "item/golden_sword"}
	]
}